<?xml version="1.0"?><?xml-stylesheet type='text/xsl' href='Summary.xslt'?><ProjectData><WirelessProjectData><Microcontroller>ATmega256RFR2</Microcontroller><Transceiver>ATMEGARFR2</Transceiver><Region>ISM</Region><AntennaDiversity>DISABLE</AntennaDiversity><Frequency>2405</Frequency><Channel>11</Channel><DataRate>250</DataRate><DataRateUnit>kbps</DataRateUnit><ChannelPage>0</ChannelPage><PanId>CAFE</PanId><DeviceAddressShort>0001</DeviceAddressShort><SendDataToAnotherDevice>True</SendDataToAnotherDevice><FrameSendMode>Broadcast to all devices</FrameSendMode><ReceiverDeviceAddressIeee /><ReceiverDeviceAddressShort /><FrameRetry>False</FrameRetry><CsmaCa>True</CsmaCa><RequestFrameAcq>False</RequestFrameAcq><ReceiveDataFromAnotherDevice>True</ReceiveDataFromAnotherDevice><FrameReceiveMode>Receive frames that are sent only to the current target device</FrameReceiveMode><SpiPort /><ChipSelectPortPin>,</ChipSelectPortPin><MosiPortPin>,</MosiPortPin><MisoPortPin>,</MisoPortPin><SckPortPin>,</SckPortPin><RstPortPin>,</RstPortPin><IrqPortPin>,</IrqPortPin><SlpTrPortPin>,</SlpTrPortPin></WirelessProjectData><Application Name="GenericProject"><PluginData><PeriodicOperations><LowpowerSleepAndWakeMechanism IsEnabled="False">&lt;SleepWakeModel xmlns:xsi="http://www.w3.org/2001/XMLSchema-instance" xmlns:xsd="http://www.w3.org/2001/XMLSchema"&gt;&lt;TimerInterval&gt;1&lt;/TimerInterval&gt;&lt;SelectedUnit&gt;hr&lt;/SelectedUnit&gt;&lt;DeviceName&gt;ATmega256RFR2&lt;/DeviceName&gt;&lt;/SleepWakeModel&gt;</LowpowerSleepAndWakeMechanism><UsingTimer IsEnabled="True">&lt;PeriodicTxModel xmlns:xsi="http://www.w3.org/2001/XMLSchema-instance" xmlns:xsd="http://www.w3.org/2001/XMLSchema"&gt;&lt;TimerInterval&gt;1&lt;/TimerInterval&gt;&lt;SelectedUnit&gt;sec&lt;/SelectedUnit&gt;&lt;/PeriodicTxModel&gt;</UsingTimer></PeriodicOperations><Debugging><UsartSerial IsEnabled="False">&lt;UsartModel xmlns:xsi="http://www.w3.org/2001/XMLSchema-instance" xmlns:xsd="http://www.w3.org/2001/XMLSchema"&gt;&lt;UsartName&gt;USART0&lt;/UsartName&gt;&lt;UsartSettings&gt;&lt;SelectedDataBitLength&gt;8&lt;/SelectedDataBitLength&gt;&lt;SelectedBaudRate&gt;9600&lt;/SelectedBaudRate&gt;&lt;SelectedParityMode&gt;None&lt;/SelectedParityMode&gt;&lt;SelectedStopBit&gt;1&lt;/SelectedStopBit&gt;&lt;/UsartSettings&gt;&lt;RxPin&gt;&lt;PortName&gt;PORTE&lt;/PortName&gt;&lt;PinName&gt;0&lt;/PinName&gt;&lt;/RxPin&gt;&lt;TxPin&gt;&lt;PortName&gt;PORTE&lt;/PortName&gt;&lt;PinName&gt;1&lt;/PinName&gt;&lt;/TxPin&gt;&lt;/UsartModel&gt;</UsartSerial></Debugging><TransceiverFeatureAccess><TransceiverFeatures IsEnabled="False">&lt;TFAModel xmlns:xsi="http://www.w3.org/2001/XMLSchema-instance" xmlns:xsd="http://www.w3.org/2001/XMLSchema"&gt;&lt;Transceiver&gt;ATMEGARFR2&lt;/Transceiver&gt;&lt;ReadVoltage&gt;true&lt;/ReadVoltage&gt;&lt;ReadTemperature&gt;false&lt;/ReadTemperature&gt;&lt;IsContinuousTxEnabled&gt;false&lt;/IsContinuousTxEnabled&gt;&lt;SelectedContinuousTxMode&gt;CW_MODE&lt;/SelectedContinuousTxMode&gt;&lt;/TFAModel&gt;</TransceiverFeatures></TransceiverFeatureAccess><UserInterface><LED IsEnabled="False">&lt;LEDModel xmlns:xsi="http://www.w3.org/2001/XMLSchema-instance" xmlns:xsd="http://www.w3.org/2001/XMLSchema"&gt;&lt;GpioPortPin&gt;&lt;PortName&gt;PORTA&lt;/PortName&gt;&lt;PinName&gt;0&lt;/PinName&gt;&lt;/GpioPortPin&gt;&lt;ActiveState&gt;ActiveLow&lt;/ActiveState&gt;&lt;/LEDModel&gt;</LED><PushButton IsEnabled="False">&lt;PushButtonModel xmlns:xsi="http://www.w3.org/2001/XMLSchema-instance" xmlns:xsd="http://www.w3.org/2001/XMLSchema"&gt;&lt;GpioPortPin&gt;&lt;PortName&gt;PORTA&lt;/PortName&gt;&lt;PinName&gt;0&lt;/PinName&gt;&lt;/GpioPortPin&gt;&lt;InputMode&gt;PullUp&lt;/InputMode&gt;&lt;/PushButtonModel&gt;</PushButton></UserInterface></PluginData></Application></ProjectData>